cdacordao,tipo,x,y
1863427,f(ementa),2.357308,-13.323398
1863427,f(descricao),32.135620,-0.993931
1863427,f(mean HyDE),1.192579,-12.390793
1863439,f(ementa),-0.354896,-14.388326
1863439,f(descricao),32.807270,3.496129
1863439,f(mean HyDE),-0.612758,-14.118006
1863459,f(ementa),3.177130,-12.759173
1863459,f(descricao),33.222176,-0.854161
1863459,f(mean HyDE),1.851071,-12.132895
1863462,f(ementa),-11.819634,-48.887398
1863462,f(descricao),45.070709,-16.726484
1863462,f(mean HyDE),-1.132536,-34.768463
1863467,f(ementa),-1.697393,-4.716159
1863467,f(descricao),27.188360,3.668500
1863467,f(mean HyDE),-1.535848,-4.546105
1863472,f(ementa),-11.632944,-38.738800
1863472,f(descricao),41.332680,-13.273019
1863472,f(mean HyDE),0.737895,-29.296417
1863498,f(ementa),-6.666014,-4.773740
1863498,f(descricao),35.186455,8.677869
1863498,f(mean HyDE),-6.684699,-4.763304
1863504,f(ementa),-9.659974,-13.670979
1863504,f(descricao),28.954372,-0.672844
1863504,f(mean HyDE),-0.164671,-10.677575
1863524,f(ementa),-16.875566,-3.269537
1863524,f(descricao),26.385368,-2.269055
1863524,f(mean HyDE),-18.128319,-1.692620
1863548,f(ementa),-15.240047,-8.658549
1863548,f(descricao),23.071436,4.770370
1863548,f(mean HyDE),-15.065476,-8.968399
1863554,f(ementa),-19.081944,-5.125655
1863554,f(descricao),48.311222,-18.329174
1863554,f(mean HyDE),-10.152795,-4.227952
1863555,f(ementa),-10.420855,-1.064885
1863555,f(descricao),28.062136,6.426776
1863555,f(mean HyDE),-10.387378,-1.127818
1863564,f(ementa),-10.044585,-43.963650
1863564,f(descricao),40.403294,-18.202766
1863564,f(mean HyDE),-4.946947,-38.708008
1863579,f(ementa),-23.454762,4.958436
1863579,f(descricao),22.278795,0.870741
1863579,f(mean HyDE),-16.869698,1.819771
1863584,f(ementa),-13.342367,-14.614384
1863584,f(descricao),23.604548,-1.466546
1863584,f(mean HyDE),-13.251014,-14.472821
1863592,f(ementa),-16.655264,-3.912543
1863592,f(descricao),24.365273,4.071856
1863592,f(mean HyDE),-12.992324,-4.661391
1863598,f(ementa),-11.108122,-13.222589
1863598,f(descricao),25.288651,-0.070310
1863598,f(mean HyDE),-10.323084,-9.112799
1863605,f(ementa),-10.992892,-13.364659
1863605,f(descricao),25.118431,0.025705
1863605,f(mean HyDE),-11.566153,-11.602990
1863611,f(ementa),-15.372178,-7.549393
1863611,f(descricao),25.201040,4.145312
1863611,f(mean HyDE),-12.815396,-3.823663
1863619,f(ementa),-10.955770,-47.222111
1863619,f(descricao),45.252148,-20.075665
1863619,f(mean HyDE),-1.350618,-39.469437
1863620,f(ementa),-10.371248,-50.572315
1863620,f(descricao),43.397026,-21.589945
1863620,f(mean HyDE),1.181810,-38.505592
1863626,f(ementa),-11.192904,-47.881298
1863626,f(descricao),44.520157,-19.962826
1863626,f(mean HyDE),-2.981890,-40.042015
1863627,f(ementa),-17.160563,-8.186194
1863627,f(descricao),23.877819,1.643373
1863627,f(mean HyDE),-16.362854,-11.621935
1863634,f(ementa),-10.943620,-39.897060
1863634,f(descricao),41.810883,-14.006872
1863634,f(mean HyDE),0.854416,-30.150631
1863640,f(ementa),-15.883226,-7.572938
1863640,f(descricao),24.966667,3.372743
1863640,f(mean HyDE),-15.566312,-7.718706
1863641,f(ementa),-11.117523,-48.650288
1863641,f(descricao),44.449799,-19.703520
1863641,f(mean HyDE),-2.040009,-39.967850
1863647,f(ementa),-10.950253,-44.364319
1863647,f(descricao),42.702099,-18.653908
1863647,f(mean HyDE),-0.752011,-40.465218
1863648,f(ementa),-10.599791,-49.324768
1863648,f(descricao),44.719475,-19.933056
1863648,f(mean HyDE),-1.259751,-38.515713
1863654,f(ementa),-11.633057,-38.738369
1863654,f(descricao),41.332680,-13.273019
1863654,f(mean HyDE),0.651723,-29.211191
1862307,f(ementa),-9.111012,12.621288
1862307,f(descricao),30.844873,11.711432
1862307,f(mean HyDE),-4.769217,5.294024
1862351,f(ementa),1.178326,-15.727640
1862351,f(descricao),32.688896,2.646530
1862351,f(mean HyDE),-0.225496,-13.118164
1862357,f(ementa),1.178326,-15.727640
1862357,f(descricao),32.688896,2.646530
1862357,f(mean HyDE),-0.236729,-12.953437
1862366,f(ementa),3.873984,-9.077765
1862366,f(descricao),33.307114,-3.077596
1862366,f(mean HyDE),-1.659855,-15.881298
1862383,f(ementa),2.423165,-13.119079
1862383,f(descricao),33.316963,-0.612344
1862383,f(mean HyDE),1.547787,-11.835752
1862417,f(ementa),-11.890500,-47.581738
1862417,f(descricao),45.219818,-16.588915
1862417,f(mean HyDE),2.069912,-39.122917
1862438,f(ementa),-9.204583,-4.224531
1862438,f(descricao),19.486696,5.367069
1862438,f(mean HyDE),-9.120254,-4.199461
1862446,f(ementa),-12.724555,-0.972023
1862446,f(descricao),19.477531,5.349400
1862446,f(mean HyDE),-12.737271,-0.838750
1862447,f(ementa),-10.160045,-6.108211
1862447,f(descricao),36.315697,-1.480329
1862447,f(mean HyDE),-5.366446,-7.412423
1862458,f(ementa),-6.682751,0.156298
1862458,f(descricao),32.091747,4.060967
1862458,f(mean HyDE),-3.203822,2.484901
1862465,f(ementa),-4.640688,-50.506332
1862465,f(descricao),41.969112,-20.850176
1862465,f(mean HyDE),-0.091808,-35.695820
1862467,f(ementa),-10.113977,-47.286980
1862467,f(descricao),45.743389,-19.517029
1862467,f(mean HyDE),-4.811497,-35.152542
1862503,f(ementa),0.112501,-8.078850
1862503,f(descricao),30.514431,-0.766477
1862503,f(mean HyDE),0.731086,-9.784920
1856357,f(ementa),-3.020003,-5.603981
1856357,f(descricao),27.177345,-6.998381
1856357,f(mean HyDE),-2.981077,-5.676877
1856386,f(ementa),-26.719687,2.527825
1856386,f(descricao),22.644045,3.596302
1856386,f(mean HyDE),-8.433748,-7.698471
1856509,f(ementa),-14.450089,25.546841
1856509,f(descricao),32.269917,19.583292
1856509,f(mean HyDE),-12.986334,25.681929
1856531,f(ementa),-6.235810,-0.634815
1856531,f(descricao),28.697285,7.637735
1856531,f(mean HyDE),-4.672131,3.311079
1856537,f(ementa),-3.350447,1.457944
1856537,f(descricao),27.559101,1.274618
1856537,f(mean HyDE),-3.491335,3.179436
1856552,f(ementa),-10.514706,-50.806538
1856552,f(descricao),42.857891,-19.537933
1856552,f(mean HyDE),-1.510394,-41.516998
1856618,f(ementa),-19.659140,13.991007
1856618,f(descricao),28.099501,16.858030
1856618,f(mean HyDE),-7.612006,28.418383
1848860,f(ementa),-22.933100,23.631903
1848860,f(descricao),28.200401,24.880095
1848860,f(mean HyDE),-16.257788,31.243631
1863426,f(ementa),4.563888,-0.286046
1863426,f(descricao),23.174351,0.265404
1863426,f(mean HyDE),-13.898365,-4.776592
1863430,f(ementa),4.442623,-0.339538
1863430,f(descricao),24.527292,-0.780639
1863430,f(mean HyDE),-2.654285,-0.044822
1863444,f(ementa),4.133927,-1.371863
1863444,f(descricao),27.170034,-7.162946
1863444,f(mean HyDE),-4.062985,-6.215648
1863457,f(ementa),4.670950,-0.038433
1863457,f(descricao),20.177309,3.361610
1863457,f(mean HyDE),-11.692316,-5.209751
1863473,f(ementa),4.690872,0.088616
1863473,f(descricao),21.229546,5.273588
1863473,f(mean HyDE),-11.888517,-5.799428
1863476,f(ementa),23.379644,-19.493000
1863476,f(descricao),24.188240,-19.129745
1863476,f(mean HyDE),-8.162125,-5.988069
1863477,f(ementa),4.723956,-0.591288
1863477,f(descricao),25.032347,1.490499
1863477,f(mean HyDE),-12.987743,-8.920415
1863508,f(ementa),16.946756,0.311292
1863508,f(descricao),17.339334,0.393314
1863508,f(mean HyDE),-8.870237,-10.054653
1863581,f(ementa),-21.027573,-3.023023
1863581,f(descricao),23.159271,2.077420
1863581,f(mean HyDE),-15.646523,-10.359959
1863633,f(ementa),-23.546835,-10.696167
1863633,f(descricao),39.782986,5.095467
1863633,f(mean HyDE),-23.704826,-10.945575
1863655,f(ementa),-12.649497,-45.036457
1863655,f(descricao),43.266232,-18.465761
1863655,f(mean HyDE),-4.377214,-39.535172
1863656,f(ementa),-11.026630,-39.539112
1863656,f(descricao),41.735088,-13.896654
1863656,f(mean HyDE),0.401198,-28.933277
1863657,f(ementa),-10.371258,-50.572342
1863657,f(descricao),43.397091,-21.590532
1863657,f(mean HyDE),1.031660,-38.381023
1863658,f(ementa),-10.044214,-43.964603
1863658,f(descricao),40.403988,-18.202978
1863658,f(mean HyDE),-4.920998,-38.684849
1863664,f(ementa),-11.633042,-38.738361
1863664,f(descricao),41.332680,-13.273019
1863664,f(mean HyDE),0.628693,-29.194656
1863667,f(ementa),-10.998671,-42.648026
1863667,f(descricao),41.622635,-13.708451
1863667,f(mean HyDE),0.782855,-29.638031
1863674,f(ementa),-22.125603,-10.276399
1863674,f(descricao),38.598827,4.073492
1863674,f(mean HyDE),-22.280239,-10.643508
1863683,f(ementa),-14.051380,-3.154016
1863683,f(descricao),20.729086,3.806980
1863683,f(mean HyDE),-14.048470,0.171743
1863688,f(ementa),-11.593595,2.781669
1863688,f(descricao),30.017113,-4.269803
1863688,f(mean HyDE),-11.585703,2.799535
1863692,f(ementa),-13.925238,-3.219358
1863692,f(descricao),20.807552,4.025841
1863692,f(mean HyDE),-14.066964,0.168933
1863762,f(ementa),-15.934564,-2.013459
1863762,f(descricao),26.552624,4.490328
1863762,f(mean HyDE),-11.684789,-2.985273
1862914,f(ementa),-21.740988,0.645442
1862914,f(descricao),32.396736,6.650528
1862914,f(mean HyDE),-3.868848,4.163614
1862915,f(ementa),-19.395735,-9.308937
1862915,f(descricao),22.683590,-0.908926
1862915,f(mean HyDE),-19.489677,-9.375455
1862923,f(ementa),-16.475107,5.080104
1862923,f(descricao),23.240089,8.448215
1862923,f(mean HyDE),-16.470057,5.096364
1862979,f(ementa),-25.818785,1.126190
1862979,f(descricao),42.156971,-2.398859
1862979,f(mean HyDE),-11.473433,-9.641752
1863006,f(ementa),-25.329382,0.891266
1863006,f(descricao),42.464348,-2.921763
1863006,f(mean HyDE),-10.132593,-8.907964
1863007,f(ementa),-25.327860,0.895334
1863007,f(descricao),42.464348,-2.921763
1863007,f(mean HyDE),-10.042763,-8.978064
1863013,f(ementa),-25.789959,2.756439
1863013,f(descricao),26.633114,1.409284
1863013,f(mean HyDE),-11.619543,-4.030083
1863016,f(ementa),-25.329580,0.891630
1863016,f(descricao),42.464348,-2.921763
1863016,f(mean HyDE),-9.997299,-8.918354
1863022,f(ementa),-25.979097,1.055636
1863022,f(descricao),42.159546,-2.435855
1863022,f(mean HyDE),-11.232548,-9.674481
1863036,f(ementa),-10.305133,-47.757935
1863036,f(descricao),46.208187,-19.123333
1863036,f(mean HyDE),-2.723607,-34.916924
1863039,f(ementa),-17.392780,-6.551407
1863039,f(descricao),23.054585,4.079412
1863039,f(mean HyDE),-16.335199,-11.562050
1863079,f(ementa),-25.316511,0.744544
1863079,f(descricao),42.464348,-2.921763
1863079,f(mean HyDE),-10.167259,-8.944710
1862294,f(ementa),1.178381,-15.727505
1862294,f(descricao),32.688900,2.646530
1862294,f(mean HyDE),-0.207847,-13.013254
1862295,f(ementa),1.178381,-15.727506
1862295,f(descricao),32.688900,2.646530
1862295,f(mean HyDE),-0.186358,-12.971931
1862476,f(ementa),-9.703768,-43.788433
1862476,f(descricao),45.308449,-21.708099
1862476,f(mean HyDE),8.076828,-36.369068
1862519,f(ementa),-4.793809,-50.553120
1862519,f(descricao),41.969112,-20.850176
1862519,f(mean HyDE),0.116446,-35.762081
1862520,f(ementa),-9.849811,-47.351501
1862520,f(descricao),46.996712,-18.810806
1862520,f(mean HyDE),-1.937513,-40.594742
1862524,f(ementa),-5.255091,-0.746352
1862524,f(descricao),29.904819,6.215689
1862524,f(mean HyDE),-4.160792,2.720212
1862527,f(ementa),-12.031201,-45.549362
1862527,f(descricao),43.322708,-18.355183
1862527,f(mean HyDE),-2.764658,-40.160400
1862528,f(ementa),-10.107822,-43.321354
1862528,f(descricao),46.393711,-18.124432
1862528,f(mean HyDE),-3.152530,-39.807045
1862533,f(ementa),-10.305133,-47.757935
1862533,f(descricao),46.561325,-19.361237
1862533,f(mean HyDE),-2.766519,-35.055470
1862541,f(ementa),-12.390532,-13.211158
1862541,f(descricao),29.858355,5.030611
1862541,f(mean HyDE),-3.751265,2.483716
1862549,f(ementa),-12.022684,-45.352982
1862549,f(descricao),43.990040,-18.351519
1862549,f(mean HyDE),-3.443247,-40.528805
1862551,f(ementa),-34.051453,1.585527
1862551,f(descricao),23.768282,-11.558411
1862551,f(mean HyDE),3.278652,-35.576698
1862552,f(ementa),-9.865506,-47.540752
1862552,f(descricao),47.132423,-18.765186
1862552,f(mean HyDE),-1.842712,-40.549755
1862553,f(ementa),-4.793809,-50.553120
1862553,f(descricao),41.969112,-20.850176
1862553,f(mean HyDE),0.301919,-36.113304
1862561,f(ementa),-12.688342,-45.237328
1862561,f(descricao),44.729973,-18.386784
1862561,f(mean HyDE),-3.135084,-39.193024
1862567,f(ementa),-4.793809,-50.553120
1862567,f(descricao),41.969112,-20.850176
1862567,f(mean HyDE),-0.004994,-35.677002
1862574,f(ementa),-9.865506,-47.540752
1862574,f(descricao),47.225327,-18.759016
1862574,f(mean HyDE),-1.949488,-40.581753
1862575,f(ementa),-9.865506,-47.540752
1862575,f(descricao),47.211548,-18.774294
1862575,f(mean HyDE),-2.030820,-40.529652
1862578,f(ementa),-35.466133,1.712774
1862578,f(descricao),23.051254,-10.501284
1862578,f(mean HyDE),4.802264,-35.537781
1862579,f(ementa),-34.791431,2.513830
1862579,f(descricao),23.475403,-10.789748
1862579,f(mean HyDE),3.441270,-34.832867
1862580,f(ementa),-34.051453,1.585527
1862580,f(descricao),23.822487,-10.577202
1862580,f(mean HyDE),3.284638,-35.874123
1862584,f(ementa),-7.957938,3.792228
1862584,f(descricao),29.673250,4.928761
1862584,f(mean HyDE),-3.741611,2.815780
1862585,f(ementa),-4.793809,-50.553120
1862585,f(descricao),41.969112,-20.850176
1862585,f(mean HyDE),0.117168,-35.884541
1862586,f(ementa),-10.371248,-50.572315
1862586,f(descricao),43.396660,-21.590134
1862586,f(mean HyDE),1.103972,-38.309814
1862587,f(ementa),-11.824839,-44.840462
1862587,f(descricao),43.717968,-17.843697
1862587,f(mean HyDE),-3.916921,-40.010212
1862588,f(ementa),-35.415703,2.106467
1862588,f(descricao),24.533966,-10.479372
1862588,f(mean HyDE),4.195224,-35.286903
1862589,f(ementa),-35.415703,2.106467
1862589,f(descricao),24.461670,-10.858868
1862589,f(mean HyDE),3.697171,-35.841507
1862590,f(ementa),-10.760695,-42.759487
1862590,f(descricao),41.530762,-13.596856
1862590,f(mean HyDE),0.745046,-29.639132
1862591,f(ementa),-2.030858,-16.494539
1862591,f(descricao),33.395725,-3.297621
1862591,f(mean HyDE),-1.830651,-16.205807
1862599,f(ementa),-11.825096,-44.840240
1862599,f(descricao),43.720993,-17.839750
1862599,f(mean HyDE),-3.941299,-40.050030
1862600,f(ementa),-8.774942,-43.832943
1862600,f(descricao),43.093033,-17.113661
1862600,f(mean HyDE),-3.676542,-37.723938
1862601,f(ementa),-15.020305,-10.323263
1862601,f(descricao),22.927620,5.315920
1862601,f(mean HyDE),-15.107519,-10.203191
1862611,f(ementa),-10.305133,-47.757935
1862611,f(descricao),46.208187,-19.123333
1862611,f(mean HyDE),-2.656036,-34.975334
1862612,f(ementa),-10.372443,-50.572266
1862612,f(descricao),43.392632,-21.587919
1862612,f(mean HyDE),1.058603,-38.394459
1862614,f(ementa),-10.811421,-47.010315
1862614,f(descricao),45.285564,-19.059475
1862614,f(mean HyDE),-5.786159,-35.425743
1862620,f(ementa),-4.826505,-50.788002
1862620,f(descricao),42.137890,-21.096001
1862620,f(mean HyDE),0.954835,-37.021000
1862622,f(ementa),-10.458208,-50.028233
1862622,f(descricao),42.764957,-19.793728
1862622,f(mean HyDE),-2.063311,-41.115776
1862630,f(ementa),-10.788342,-47.186947
1862630,f(descricao),45.469208,-19.403427
1862630,f(mean HyDE),-5.738414,-35.655613
1862635,f(ementa),-16.849379,-3.342736
1862635,f(descricao),26.713112,-2.528564
1862635,f(mean HyDE),-3.279967,-12.030201
1862636,f(ementa),-5.037044,-50.687645
1862636,f(descricao),42.163658,-20.589283
1862636,f(mean HyDE),1.256836,-36.524052
1862637,f(ementa),-9.441175,-42.654381
1862637,f(descricao),44.391605,-20.367090
1862637,f(mean HyDE),-4.119921,-39.347820
1862638,f(ementa),-10.105618,-24.166109
1862638,f(descricao),24.174490,-3.369313
1862638,f(mean HyDE),-10.100233,-24.159277
1862649,f(ementa),-9.746299,-43.885059
1862649,f(descricao),45.341949,-21.707090
1862649,f(mean HyDE),8.081088,-36.352661
1862657,f(ementa),-17.936964,-6.406248
1862657,f(descricao),22.924944,3.746309
1862657,f(mean HyDE),-14.354656,-7.185728
1862660,f(ementa),-12.552216,-12.171801
1862660,f(descricao),23.673937,0.277201
1862660,f(mean HyDE),-11.728931,-11.677168
1862665,f(ementa),-10.811421,-47.010315
1862665,f(descricao),45.390614,-18.887623
1862665,f(mean HyDE),-5.831594,-35.485909
1862667,f(ementa),-4.793809,-50.553120
1862667,f(descricao),41.969112,-20.850176
1862667,f(mean HyDE),-0.006821,-35.641747
1862668,f(ementa),-10.760695,-42.759487
1862668,f(descricao),41.622723,-13.708048
1862668,f(mean HyDE),0.810834,-29.652273
1862669,f(ementa),-9.263466,-48.102932
1862669,f(descricao),46.208187,-19.123333
1862669,f(mean HyDE),-2.761080,-34.878036
1862676,f(ementa),-25.620010,4.357908
1862676,f(descricao),21.850620,2.146218
1862676,f(mean HyDE),-12.005610,-9.805033
1862680,f(ementa),-5.037044,-50.687645
1862680,f(descricao),42.163254,-20.588963
1862680,f(mean HyDE),1.186572,-36.498219
1862681,f(ementa),-10.371258,-50.572342
1862681,f(descricao),43.396599,-21.589548
1862681,f(mean HyDE),0.984992,-38.361870
1862683,f(ementa),-23.559498,-11.043674
1862683,f(descricao),39.758354,4.946115
1862683,f(mean HyDE),-23.524155,-11.137401
1862684,f(ementa),-13.589032,-8.630283
1862684,f(descricao),24.831192,2.817374
1862684,f(mean HyDE),-13.346362,-8.865229
1862689,f(ementa),-10.305133,-47.757935
1862689,f(descricao),46.208187,-19.123333
1862689,f(mean HyDE),-2.429941,-35.166584
1862692,f(ementa),-34.051453,1.585527
1862692,f(descricao),23.775415,-10.918719
1862692,f(mean HyDE),4.867467,-35.858696
1862693,f(ementa),-34.051453,1.585527
1862693,f(descricao),23.944172,-11.456433
1862693,f(mean HyDE),3.458711,-35.075394
1862694,f(ementa),-35.366024,1.341492
1862694,f(descricao),24.402042,-11.192207
1862694,f(mean HyDE),4.640284,-35.859146
1862695,f(ementa),-34.066223,2.331523
1862695,f(descricao),23.685003,-9.950241
1862695,f(mean HyDE),4.595988,-35.530830
1862697,f(ementa),-35.450947,1.555279
1862697,f(descricao),24.222771,-10.074100
1862697,f(mean HyDE),4.300158,-36.086399
1862698,f(ementa),-34.765144,1.009328
1862698,f(descricao),24.317654,-10.147287
1862698,f(mean HyDE),3.695344,-35.021553
1862700,f(ementa),-14.717214,-6.909311
1862700,f(descricao),21.836281,2.126129
1862700,f(mean HyDE),-12.968390,-6.025029
1862701,f(ementa),-12.085570,-17.683971
1862701,f(descricao),26.889482,0.956498
1862701,f(mean HyDE),-12.064059,-17.784161
1862703,f(ementa),-12.557096,-31.748379
1862703,f(descricao),46.440300,-20.769764
1862703,f(mean HyDE),-4.969208,-34.385338
1862711,f(ementa),-10.384795,-44.379753
1862711,f(descricao),44.994652,-17.955648
1862711,f(mean HyDE),-0.943598,-39.351013
1862712,f(ementa),-34.046524,2.327054
1862712,f(descricao),23.800066,-10.658935
1862712,f(mean HyDE),4.757074,-34.917816
1862713,f(ementa),-13.104527,-12.194623
1862713,f(descricao),24.380154,-0.289547
1862713,f(mean HyDE),-11.516212,-10.998627
1862717,f(ementa),-12.597962,-31.724695
1862717,f(descricao),46.490322,-20.723385
1862717,f(mean HyDE),-2.986365,-36.857033
1861238,f(ementa),0.437629,-8.043870
1861238,f(descricao),30.529387,-0.766698
1861238,f(mean HyDE),0.863096,-9.276258
1861243,f(ementa),-26.041992,4.800170
1861243,f(descricao),34.498333,9.847745
1861243,f(mean HyDE),-7.171204,-4.376179
1861248,f(ementa),-15.568770,-3.070068
1861248,f(descricao),21.055805,0.539065
1861248,f(mean HyDE),-9.250518,-9.678151
1861281,f(ementa),-8.135904,-0.269595
1861281,f(descricao),29.400431,8.084700
1861281,f(mean HyDE),-3.892084,3.247877
1861288,f(ementa),-5.657868,-12.857289
1861288,f(descricao),29.386782,-1.286222
1861288,f(mean HyDE),0.112723,-10.557076
1861306,f(ementa),-8.225493,0.577194
1861306,f(descricao),31.289436,6.069428
1861306,f(mean HyDE),-2.110798,2.693479
1861325,f(ementa),-6.112280,-7.782649
1861325,f(descricao),36.856392,-1.545527
1861325,f(mean HyDE),-5.745305,-7.687176
1861343,f(ementa),-16.890932,-8.929266
1861343,f(descricao),23.476437,1.867377
1861343,f(mean HyDE),-16.930353,-9.421709
1861349,f(ementa),-3.065833,-6.670932
1861349,f(descricao),29.183241,-8.046282
1861349,f(mean HyDE),-3.087914,-6.769541
1861352,f(ementa),-19.336895,-5.050312
1861352,f(descricao),25.003025,0.501558
1861352,f(mean HyDE),-2.564724,0.042582
1861355,f(ementa),-3.535559,-8.076294
1861355,f(descricao),26.060671,-6.055469
1861355,f(mean HyDE),-3.571387,-8.359822
1861358,f(ementa),-3.830912,-10.272094
1861358,f(descricao),28.542997,-4.616063
1861358,f(mean HyDE),-3.613457,-10.025531
1861398,f(ementa),-6.243345,0.270008
1861398,f(descricao),29.873560,7.886383
1861398,f(mean HyDE),-4.722438,4.290216
1861405,f(ementa),-22.535294,-12.454719
1861405,f(descricao),38.497746,4.254351
1861405,f(mean HyDE),-22.388775,-11.885383
1861421,f(ementa),-11.471771,-7.739681
1861421,f(descricao),29.319580,4.058716
1861421,f(mean HyDE),-11.342237,-7.906863
1861458,f(ementa),-21.710625,-14.382505
1861458,f(descricao),39.418636,2.594750
1861458,f(mean HyDE),-5.306583,-5.567247
1861477,f(ementa),-16.644722,-3.959238
1861477,f(descricao),21.796501,1.921840
1861477,f(mean HyDE),-12.212479,-4.469236
1861506,f(ementa),-13.010644,-11.895360
1861506,f(descricao),23.656111,-1.404090
1861506,f(mean HyDE),-11.634701,-11.837772
1861534,f(ementa),-15.285215,-2.302363
1861534,f(descricao),30.175238,-11.281212
1861534,f(mean HyDE),-16.806044,1.730325
1861538,f(ementa),-15.828749,-5.915070
1861538,f(descricao),25.503857,4.887322
1861538,f(mean HyDE),-12.604970,-3.781113
1861562,f(ementa),-21.201509,-12.107942
1861562,f(descricao),39.364037,2.687156
1861562,f(mean HyDE),-21.436090,-12.056820
1861567,f(ementa),-13.627322,-10.132510
1861567,f(descricao),25.034885,2.560916
1861567,f(mean HyDE),-13.016586,-7.461420
1861591,f(ementa),-16.820774,-5.225091
1861591,f(descricao),26.318954,4.566764
1861591,f(mean HyDE),-11.658890,-2.799746
1861594,f(ementa),-15.357506,-2.439001
1861594,f(descricao),30.184298,-11.262498
1861594,f(mean HyDE),-16.801769,1.718955
1863415,f(ementa),0.576172,-14.445191
1863415,f(descricao),33.307037,3.704751
1863415,f(mean HyDE),0.561106,-14.218138
1863422,f(ementa),0.185766,-8.104261
1863422,f(descricao),30.677576,-0.717695
1863422,f(mean HyDE),0.695003,-9.781019
1863442,f(ementa),3.269277,-12.536012
1863442,f(descricao),32.358555,-0.926274
1863442,f(mean HyDE),1.464093,-12.015158
1863447,f(ementa),3.545502,-12.983544
1863447,f(descricao),33.217995,-0.500708
1863447,f(mean HyDE),1.631847,-11.904850
1863483,f(ementa),-2.002170,-6.494730
1863483,f(descricao),28.933756,-8.497789
1863483,f(mean HyDE),-2.519888,-6.408304
1863502,f(ementa),-5.562225,-12.798334
1863502,f(descricao),29.425459,-1.515119
1863502,f(mean HyDE),0.082262,-10.928338
1863507,f(ementa),-6.108644,-5.129610
1863507,f(descricao),35.027203,8.512008
1863507,f(mean HyDE),-5.913265,-5.212278
1863695,f(ementa),-6.773129,1.550098
1863695,f(descricao),29.816679,7.997620
1863695,f(mean HyDE),-4.352434,4.917740
1862908,f(ementa),-5.528699,0.263159
1862908,f(descricao),29.978100,7.182565
1862908,f(mean HyDE),-4.360255,3.880154
1862911,f(ementa),-23.169548,21.418570
1862911,f(descricao),28.242176,24.054577
1862911,f(mean HyDE),-15.801145,30.958410
1862932,f(ementa),-8.282884,9.761099
1862932,f(descricao),30.151789,9.445507
1862932,f(mean HyDE),-4.485312,4.235135
1862331,f(ementa),-10.524139,12.661925
1862331,f(descricao),29.932926,10.412705
1862331,f(mean HyDE),-5.605202,4.009546
1862374,f(ementa),-22.839174,24.532755
1862374,f(descricao),26.641434,25.375725
1862374,f(mean HyDE),-17.303389,33.744461
1862384,f(ementa),-15.458990,16.835173
1862384,f(descricao),23.671066,15.454468
1862384,f(mean HyDE),-8.409449,24.375486
1862433,f(ementa),-0.423176,-5.380614
1862433,f(descricao),27.902571,-4.247146
1862433,f(mean HyDE),-0.531275,-5.386333
1862464,f(ementa),-5.437962,-9.609005
1862464,f(descricao),29.459995,-7.349833
1862464,f(mean HyDE),-5.646239,-9.324624
1862629,f(ementa),-21.186474,11.711733
1862629,f(descricao),35.936722,6.140119
1862629,f(mean HyDE),-10.755289,8.001498
1862661,f(ementa),-25.958652,6.758244
1862661,f(descricao),25.457239,27.994961
1862661,f(mean HyDE),-17.961786,31.447508
1861253,f(ementa),-10.387524,11.112881
1861253,f(descricao),30.837311,13.095652
1861253,f(mean HyDE),-3.514049,7.125532
1861274,f(ementa),-5.864666,0.867666
1861274,f(descricao),29.222118,7.056164
1861274,f(mean HyDE),-4.972122,3.844751
1861347,f(ementa),-5.234109,-0.895171
1861347,f(descricao),29.920759,6.048977
1861347,f(mean HyDE),-4.875296,2.562424
1861392,f(ementa),-5.416337,-9.751679
1861392,f(descricao),29.546892,-7.298985
1861392,f(mean HyDE),-4.905724,-8.017669
1861406,f(ementa),-7.591248,-6.729290
1861406,f(descricao),21.469095,3.923523
1861406,f(mean HyDE),-7.554160,-6.712497
1861475,f(ementa),-9.955692,9.954012
1861475,f(descricao),31.090433,10.984017
1861475,f(mean HyDE),-8.928565,8.151571
1861597,f(ementa),-14.453526,-7.676292
1861597,f(descricao),22.833153,2.295997
1861597,f(mean HyDE),-14.029269,-7.454594
1861651,f(ementa),-9.753645,0.558705
1861651,f(descricao),26.758093,6.490499
1861651,f(mean HyDE),-9.815366,1.075265
1861673,f(ementa),-40.122715,-12.094014
1861673,f(descricao),34.782719,-6.412553
1861673,f(mean HyDE),-8.523743,-31.253441
1861690,f(ementa),-39.242882,-10.819038
1861690,f(descricao),34.302742,-6.356256
1861690,f(mean HyDE),-6.294055,-28.273430
1861698,f(ementa),-22.679998,-12.582902
1861698,f(descricao),39.128063,3.227442
1861698,f(mean HyDE),-22.167982,-11.915900
1861699,f(ementa),-39.510933,-11.729378
1861699,f(descricao),33.112141,-6.886929
1861699,f(mean HyDE),-8.898808,-30.897753
1861715,f(ementa),-39.036430,-9.314736
1861715,f(descricao),35.201511,-6.930028
1861715,f(mean HyDE),-8.334599,-29.507341
1861716,f(ementa),-39.893871,-11.423198
1861716,f(descricao),34.198666,-7.276841
1861716,f(mean HyDE),-9.099458,-30.295576
1861730,f(ementa),-40.124474,-11.096553
1861730,f(descricao),34.453564,-6.947690
1861730,f(mean HyDE),-5.967696,-31.678846
1861731,f(ementa),-41.312271,-10.006567
1861731,f(descricao),35.703014,-8.637572
1861731,f(mean HyDE),-8.291212,-30.855583
1861747,f(ementa),-37.876492,-11.624753
1861747,f(descricao),34.774925,-8.194405
1861747,f(mean HyDE),-6.836610,-28.699568
1861764,f(ementa),-40.874195,-11.431761
1861764,f(descricao),32.776085,-8.459577
1861764,f(mean HyDE),-6.656631,-30.521624
1861779,f(ementa),-34.324276,2.481742
1861779,f(descricao),23.595421,-9.952949
1861779,f(mean HyDE),4.070991,-36.417759
1861780,f(ementa),-39.369160,-11.080359
1861780,f(descricao),32.675041,-8.967310
1861780,f(mean HyDE),-8.214496,-29.244465
1861786,f(ementa),-11.459370,-13.070776
1861786,f(descricao),23.872679,0.303942
1861786,f(mean HyDE),-11.284663,-11.753544
1861794,f(ementa),-8.694123,-1.206969
1861794,f(descricao),26.972294,-10.854593
1861794,f(mean HyDE),-8.723387,-1.233489
1861802,f(ementa),-21.725060,-14.378688
1861802,f(descricao),39.324444,2.799428
1861802,f(mean HyDE),-21.877317,-11.896158
1861819,f(ementa),-38.334229,-11.981691
1861819,f(descricao),34.994820,-7.305046
1861819,f(mean HyDE),-7.822952,-29.647102
1861820,f(ementa),-41.183266,-10.562326
1861820,f(descricao),33.776730,-6.886463
1861820,f(mean HyDE),-5.577064,-27.452154
1861842,f(ementa),-40.750107,-9.349906
1861842,f(descricao),35.982620,-8.167058
1861842,f(mean HyDE),-7.994474,-32.016830
1861851,f(ementa),-37.505562,-9.567838
1861851,f(descricao),33.715706,-10.060082
1861851,f(mean HyDE),-7.886358,-32.824036
1861856,f(ementa),-16.722622,-4.158593
1861856,f(descricao),22.043385,1.847094
1861856,f(mean HyDE),-13.525050,-5.662125
1861861,f(ementa),-39.817688,-10.616363
1861861,f(descricao),33.642063,-8.283360
1861861,f(mean HyDE),-8.016238,-31.858543
1861862,f(ementa),-39.050655,-9.828627
1861862,f(descricao),33.987099,-9.323764
1861862,f(mean HyDE),-5.051636,-28.320623
1861873,f(ementa),-39.978020,-9.866278
1861873,f(descricao),32.866852,-9.366842
1861873,f(mean HyDE),-5.943873,-29.231661
1861887,f(ementa),-38.616497,-9.506166
1861887,f(descricao),34.265011,-8.990027
1861887,f(mean HyDE),-8.488045,-31.706717
1861888,f(ementa),-38.167160,-10.968995
1861888,f(descricao),32.557007,-8.146768
1861888,f(mean HyDE),-5.674538,-31.580252
1861910,f(ementa),-38.692528,-10.939651
1861910,f(descricao),33.653709,-6.473115
1861910,f(mean HyDE),-6.109256,-27.734978
1861928,f(ementa),-41.088604,-11.029123
1861928,f(descricao),35.751591,-9.697894
1861928,f(mean HyDE),-4.760346,-29.915831
1861929,f(ementa),-37.786335,-10.047126
1861929,f(descricao),34.394424,-9.615772
1861929,f(mean HyDE),-5.375738,-28.343729
1861948,f(ementa),-40.457855,-9.832129
1861948,f(descricao),36.405815,-7.894404
1861948,f(mean HyDE),-4.679076,-31.344168
1861949,f(ementa),-38.773754,-10.454365
1861949,f(descricao),36.134426,-9.213212
1861949,f(mean HyDE),-6.179202,-28.036051
1861955,f(ementa),-37.294056,-10.241856
1861955,f(descricao),34.200420,-10.185613
1861955,f(mean HyDE),-8.728942,-29.707802
1861956,f(ementa),-37.797291,-10.796636
1861956,f(descricao),35.149818,-9.455611
1861956,f(mean HyDE),-7.418489,-32.350880
1860285,f(ementa),-7.576650,10.017508
1860285,f(descricao),32.075294,9.346375
1860285,f(mean HyDE),-3.784651,5.131957
1860332,f(ementa),-19.144617,23.434734
1860332,f(descricao),31.520220,19.290403
1860332,f(mean HyDE),-13.065032,25.111441
1859274,f(ementa),1.178355,-15.727418
1859274,f(descricao),32.688900,2.646530
1859274,f(mean HyDE),-0.182506,-12.919766
1859287,f(ementa),3.196244,-12.751306
1859287,f(descricao),33.259159,-0.899769
1859287,f(mean HyDE),2.302969,-12.194485
1859290,f(ementa),-1.623453,-7.393469
1859290,f(descricao),26.478992,-5.717728
1859290,f(mean HyDE),-1.536379,-7.540036
1859291,f(ementa),2.710478,-13.407937
1859291,f(descricao),33.428413,-1.239467
1859291,f(mean HyDE),1.905936,-12.017595
1859294,f(ementa),-24.301332,2.954197
1859294,f(descricao),39.803509,5.405394
1859294,f(mean HyDE),-23.901369,-11.114148
1859300,f(ementa),-6.837818,-15.867650
1859300,f(descricao),29.248945,-0.480746
1859300,f(mean HyDE),-6.755757,-16.116566
1859305,f(ementa),-8.692616,12.288160
1859305,f(descricao),32.819050,13.915814
1859305,f(mean HyDE),-5.035759,12.869325
1859307,f(ementa),-1.391303,-11.659392
1859307,f(descricao),29.677399,0.590478
1859307,f(mean HyDE),-0.651014,-11.900138
1859322,f(ementa),-9.139708,11.017742
1859322,f(descricao),30.666210,9.215962
1859322,f(mean HyDE),-5.229327,5.327269
1859326,f(ementa),3.759541,-9.006166
1859326,f(descricao),31.358803,-4.916387
1859326,f(mean HyDE),-2.662783,-12.226572
1859342,f(ementa),-9.438297,12.992097
1859342,f(descricao),29.591818,9.839110
1859342,f(mean HyDE),-4.800759,4.906143
1859373,f(ementa),-4.903519,-4.460846
1859373,f(descricao),25.224319,6.308743
1859373,f(mean HyDE),-5.306541,-5.261353
1859382,f(ementa),-4.182065,-7.170405
1859382,f(descricao),28.546940,-4.910585
1859382,f(mean HyDE),-4.668320,-7.211035
1859404,f(ementa),-7.979776,7.701999
1859404,f(descricao),30.421984,10.600966
1859404,f(mean HyDE),-5.536057,4.463221
1859407,f(ementa),-24.571732,4.662037
1859407,f(descricao),20.283871,2.948816
1859407,f(mean HyDE),-14.122919,0.331103
1859418,f(ementa),-4.610537,-10.603777
1859418,f(descricao),28.281700,-5.012025
1859418,f(mean HyDE),-3.559940,-11.628501
1859442,f(ementa),-18.234816,12.097068
1859442,f(descricao),33.179306,25.562407
1859442,f(mean HyDE),-3.944639,26.754513
1859519,f(ementa),-12.148216,-13.163026
1859519,f(descricao),24.745146,-0.207294
1859519,f(mean HyDE),-11.269887,-12.027637
1859636,f(ementa),-19.068184,21.280716
1859636,f(descricao),25.639372,12.523835
1859636,f(mean HyDE),-13.593115,30.002460
1858844,f(ementa),-34.834183,1.609418
1858844,f(descricao),24.494783,-10.573067
1858844,f(mean HyDE),3.950027,-35.802235
1858335,f(ementa),-21.824728,14.037496
1858335,f(descricao),26.204182,15.332527
1858335,f(mean HyDE),-13.101963,36.550549
1858345,f(ementa),-8.242316,11.555894
1858345,f(descricao),29.281631,9.609008
1858345,f(mean HyDE),-5.110677,9.643705
1858370,f(ementa),-19.866489,20.798145
1858370,f(descricao),30.167112,26.063723
1858370,f(mean HyDE),-18.179699,33.784737
1858389,f(ementa),-8.931458,12.446608
1858389,f(descricao),29.082762,11.887138
1858389,f(mean HyDE),-4.916848,11.587828
1858399,f(ementa),-8.890444,14.200552
1858399,f(descricao),33.081474,14.353242
1858399,f(mean HyDE),-5.223711,12.641509
1858586,f(ementa),-14.504086,17.034021
1858586,f(descricao),22.209253,16.238163
1858586,f(mean HyDE),-14.139017,17.171957
1857994,f(ementa),4.099231,-1.498993
1857994,f(descricao),25.790747,-6.320349
1857994,f(mean HyDE),-3.571165,-8.375196
1858041,f(ementa),-4.393095,-2.301767
1858041,f(descricao),29.849340,7.374902
1858041,f(mean HyDE),-4.170774,3.197964
1858046,f(ementa),-19.741911,-8.840062
1858046,f(descricao),20.382586,2.060088
1858046,f(mean HyDE),-19.785452,-8.885570
1858111,f(ementa),-18.692337,23.496580
1858111,f(descricao),30.970848,19.077480
1858111,f(mean HyDE),-12.243801,26.115606
1858135,f(ementa),-6.486328,0.021730
1858135,f(descricao),30.990612,6.799450
1858135,f(mean HyDE),-4.975553,3.129441
1858140,f(ementa),4.001665,-0.512504
1858140,f(descricao),27.230766,-10.904411
1858140,f(mean HyDE),-2.507935,4.237522
1858174,f(ementa),-16.136732,-5.756819
1858174,f(descricao),25.250811,2.616104
1858174,f(mean HyDE),-10.182307,-7.828780
1858185,f(ementa),-40.724236,-10.209557
1858185,f(descricao),35.574371,-9.053207
1858185,f(mean HyDE),-7.301460,-29.692297
1858191,f(ementa),-39.350613,-9.050344
1858191,f(descricao),33.248104,-9.840750
1858191,f(mean HyDE),-7.892558,-29.208254
1858192,f(ementa),-34.382309,0.961779
1858192,f(descricao),24.443207,-11.122692
1858192,f(mean HyDE),3.378594,-36.495369
1858193,f(ementa),-40.461258,-10.773264
1858193,f(descricao),33.396629,-8.017765
1858193,f(mean HyDE),-6.194096,-29.720100
1858197,f(ementa),-37.450684,-11.037724
1858197,f(descricao),35.424160,-8.074374
1858197,f(mean HyDE),-7.406922,-29.256378
1857073,f(ementa),-14.297462,13.916259
1857073,f(descricao),25.646471,12.453824
1857073,f(mean HyDE),-16.008011,28.559742
1857146,f(ementa),-25.955223,6.769818
1857146,f(descricao),30.919149,28.391724
1857146,f(mean HyDE),-15.499278,28.665691
1857293,f(ementa),-38.555824,-11.446385
1857293,f(descricao),35.397038,-6.506091
1857293,f(mean HyDE),-5.673095,-28.199543
1857294,f(ementa),-39.620979,-9.578297
1857294,f(descricao),34.999905,-7.759282
1857294,f(mean HyDE),-5.161288,-30.018194
1857306,f(ementa),-38.873528,-12.178845
1857306,f(descricao),33.838982,-7.694888
1857306,f(mean HyDE),-4.242064,-29.681316
1857319,f(ementa),-39.317539,-10.035884
1857319,f(descricao),36.087147,-7.431030
1857319,f(mean HyDE),-6.078516,-31.203720
1857320,f(ementa),-39.456711,-10.389468
1857320,f(descricao),33.745079,-8.801068
1857320,f(mean HyDE),-5.568006,-29.876272
1857335,f(ementa),-39.930378,-8.362375
1857335,f(descricao),35.287643,-10.042029
1857335,f(mean HyDE),-7.371639,-28.343748
1857350,f(ementa),-41.096909,-9.307911
1857350,f(descricao),34.749760,-10.217787
1857350,f(mean HyDE),-6.700828,-30.727573
1857365,f(ementa),-38.969082,-8.351936
1857365,f(descricao),33.528130,-9.318985
1857365,f(mean HyDE),-8.147711,-30.564436
1857366,f(ementa),-40.091541,-9.316509
1857366,f(descricao),36.369167,-8.656032
1857366,f(mean HyDE),-6.725456,-29.286303
1857379,f(ementa),-39.014194,-11.530030
1857379,f(descricao),35.576096,-7.561211
1857379,f(mean HyDE),-7.465537,-30.707706
1857380,f(ementa),-39.457916,-12.249076
1857380,f(descricao),34.185524,-8.010592
1857380,f(mean HyDE),-7.565718,-32.228447
1857401,f(ementa),-37.747692,-9.037675
1857401,f(descricao),34.208019,-8.337090
1857401,f(mean HyDE),-6.249152,-30.802696
1857402,f(ementa),-40.098091,-10.362142
1857402,f(descricao),33.283863,-8.711650
1857402,f(mean HyDE),-7.792212,-30.384331
1857403,f(ementa),-9.698900,10.079070
1857403,f(descricao),30.807329,10.208271
1857403,f(mean HyDE),-9.068236,8.335321
1857409,f(ementa),-38.441143,-8.745145
1857409,f(descricao),34.948692,-8.824988
1857409,f(mean HyDE),-8.585205,-30.276720
1857410,f(ementa),-38.441143,-8.745145
1857410,f(descricao),33.484478,-7.348747
1857410,f(mean HyDE),-6.065956,-29.601053
1857421,f(ementa),-39.400475,-8.448994
1857421,f(descricao),34.475212,-8.661013
1857421,f(mean HyDE),-5.547206,-30.303680
1857422,f(ementa),-38.212254,-9.468182
1857422,f(descricao),34.795589,-9.362205
1857422,f(mean HyDE),-5.059947,-29.526743
1857432,f(ementa),-39.966640,-8.886311
1857432,f(descricao),32.947124,-7.697471
1857432,f(mean HyDE),-4.548006,-30.230299
1857433,f(ementa),-40.560844,-8.688075
1857433,f(descricao),34.518253,-7.653333
1857433,f(mean HyDE),-5.179924,-27.632967
1857444,f(ementa),-40.476101,-11.770848
1857444,f(descricao),35.910107,-6.967624
1857444,f(mean HyDE),-7.392863,-31.562496
1857445,f(ementa),-38.519970,-10.242828
1857445,f(descricao),32.726238,-7.392643
1857445,f(mean HyDE),-8.273665,-31.227591
1856344,f(ementa),3.565840,-12.281473
1856344,f(descricao),33.184807,-1.219871
1856344,f(mean HyDE),2.669375,-11.583318
1856556,f(ementa),-9.336808,-49.540504
1856556,f(descricao),43.894527,-19.546135
1856556,f(mean HyDE),-2.955477,-37.721691
1854823,f(ementa),-7.590767,1.888902
1854823,f(descricao),30.502913,4.895489
1854823,f(mean HyDE),-6.135653,5.234875
1854859,f(ementa),-9.218899,12.288728
1854859,f(descricao),29.268711,11.747084
1854859,f(mean HyDE),-3.432713,4.024860
1854896,f(ementa),-10.501847,-5.718902
1854896,f(descricao),22.338985,5.194082
1854896,f(mean HyDE),-10.903086,-5.435296
1854921,f(ementa),-7.885115,-0.307903
1854921,f(descricao),30.659771,8.089710
1854921,f(mean HyDE),-4.392225,2.843268
1854961,f(ementa),-6.076586,15.722037
1854961,f(descricao),26.225473,26.482450
1854961,f(mean HyDE),-17.534573,30.935493
1854967,f(ementa),-9.519122,-13.539638
1854967,f(descricao),24.725319,-0.348477
1854967,f(mean HyDE),-0.461131,-10.813383
1854982,f(ementa),-7.113565,0.977952
1854982,f(descricao),31.438416,6.927600
1854982,f(mean HyDE),-2.795770,3.378570
1854990,f(ementa),-25.581690,16.132170
1854990,f(descricao),23.878218,20.454082
1854990,f(mean HyDE),-4.365720,28.305763
1855017,f(ementa),-7.306127,12.279511
1855017,f(descricao),32.713936,13.902061
1855017,f(mean HyDE),-5.720476,12.315755
1855041,f(ementa),-34.499012,0.966890
1855041,f(descricao),23.207418,-10.116078
1855041,f(mean HyDE),4.329536,-35.155090
1855044,f(ementa),-22.156023,19.854225
1855044,f(descricao),27.243481,25.454124
1855044,f(mean HyDE),-18.043053,33.120419
1855055,f(ementa),-13.931507,-37.587124
1855055,f(descricao),25.680649,-18.054333
1855055,f(mean HyDE),4.911768,-40.122047
1855056,f(ementa),-35.173077,1.101513
1855056,f(descricao),23.287733,-11.331508
1855056,f(mean HyDE),3.947562,-34.539753
1855057,f(ementa),-14.093060,-37.089417
1855057,f(descricao),25.981091,-18.614798
1855057,f(mean HyDE),5.390714,-39.975727
1855071,f(ementa),-35.011211,1.073403
1855071,f(descricao),22.917574,-10.588957
1855071,f(mean HyDE),3.895501,-34.901859
1855072,f(ementa),-13.905105,-37.483913
1855072,f(descricao),25.981091,-18.614798
1855072,f(mean HyDE),6.105382,-39.972015
1855073,f(ementa),-34.738400,1.826413
1855073,f(descricao),24.084921,-11.452215
1855073,f(mean HyDE),3.748576,-35.651524
1855074,f(ementa),-35.280460,2.389263
1855074,f(descricao),22.950386,-10.925077
1855074,f(mean HyDE),5.870660,-35.727623
1855075,f(ementa),-14.360175,-37.070553
1855075,f(descricao),26.306025,-18.077551
1855075,f(mean HyDE),5.952330,-39.543396
1855088,f(ementa),-14.563309,-37.199875
1855088,f(descricao),25.680649,-18.054333
1855088,f(mean HyDE),5.662535,-39.441807
1855089,f(ementa),-14.221103,-37.828205
1855089,f(descricao),26.306025,-18.077551
1855089,f(mean HyDE),5.530388,-40.344414
1855102,f(ementa),-14.356140,-37.816776
1855102,f(descricao),25.680649,-18.054333
1855102,f(mean HyDE),6.094624,-39.979744
1855103,f(ementa),-34.762630,1.898893
1855103,f(descricao),23.948427,-9.927574
1855103,f(mean HyDE),5.409469,-37.381531
1855128,f(ementa),-6.208186,13.510617
1855128,f(descricao),33.181328,14.073754
1855128,f(mean HyDE),-4.675774,12.687898
1855159,f(ementa),-14.499567,-37.749245
1855159,f(descricao),25.981091,-18.614798
1855159,f(mean HyDE),5.346027,-39.723686
1855175,f(ementa),-14.632825,-37.557865
1855175,f(descricao),25.981091,-18.614798
1855175,f(mean HyDE),5.901994,-39.963280
1855176,f(ementa),-14.632825,-37.557865
1855176,f(descricao),25.981091,-18.614798
1855176,f(mean HyDE),5.760160,-40.290062
1855181,f(ementa),-14.142265,-6.008673
1855181,f(descricao),21.766769,2.021442
1855181,f(mean HyDE),-12.331452,-4.561834
1855186,f(ementa),-14.058228,-37.116573
1855186,f(descricao),25.680649,-18.054333
1855186,f(mean HyDE),5.305499,-39.632343
1855187,f(ementa),-13.909966,-37.284538
1855187,f(descricao),25.680649,-18.054333
1855187,f(mean HyDE),5.590683,-39.959309
1855210,f(ementa),-14.038058,-37.756237
1855210,f(descricao),25.981091,-18.614798
1855210,f(mean HyDE),5.166415,-40.890900
1855211,f(ementa),-34.791431,2.513830
1855211,f(descricao),23.386742,-11.465389
1855211,f(mean HyDE),5.107987,-37.360306
1855230,f(ementa),-14.566621,-37.220131
1855230,f(descricao),25.680649,-18.054333
1855230,f(mean HyDE),5.927192,-39.482838
1855251,f(ementa),-34.791431,2.513830
1855251,f(descricao),23.201902,-10.122189
1855251,f(mean HyDE),3.732809,-35.932369
1855252,f(ementa),-34.051453,1.585527
1855252,f(descricao),23.095215,-11.160378
1855252,f(mean HyDE),5.958057,-37.684105
1855254,f(ementa),-38.159569,-10.117471
1855254,f(descricao),35.134918,-8.478014
1855254,f(mean HyDE),-7.015173,-27.706757
1862942,f(ementa),-18.359615,17.873367
1862942,f(descricao),24.299786,19.427414
1862942,f(mean HyDE),-9.371076,26.568804
1862946,f(ementa),-20.075214,16.301424
1862946,f(descricao),23.151909,17.554379
1862946,f(mean HyDE),-6.008227,31.594898
1862948,f(ementa),-20.246212,22.019407
1862948,f(descricao),29.670349,26.278458
1862948,f(mean HyDE),-16.749464,34.176685
1862957,f(ementa),-18.848633,15.586300
1862957,f(descricao),25.904041,20.303673
1862957,f(mean HyDE),-6.135233,30.063421
1862965,f(ementa),-14.044847,29.622860
1862965,f(descricao),31.532190,26.834759
1862965,f(mean HyDE),-14.001145,29.943762
1862973,f(ementa),-18.898979,16.820520
1862973,f(descricao),23.071314,18.621197
1862973,f(mean HyDE),-4.728469,32.185928
1862978,f(ementa),-20.532927,10.747938
1862978,f(descricao),24.273008,17.903357
1862978,f(mean HyDE),-10.685812,28.241621
1862990,f(ementa),-19.254936,14.945745
1862990,f(descricao),27.415691,18.722317
1862990,f(mean HyDE),-6.230957,29.452276
1862297,f(ementa),-24.137938,9.048295
1862297,f(descricao),19.501778,18.621595
1862297,f(mean HyDE),-7.099947,26.920158
1862321,f(ementa),-22.446129,19.574793
1862321,f(descricao),29.909023,22.542608
1862321,f(mean HyDE),-15.908939,33.601566
1862327,f(ementa),-22.863235,23.248205
1862327,f(descricao),27.975023,24.483805
1862327,f(mean HyDE),-16.418135,32.979599
1862341,f(ementa),-19.757790,12.200377
1862341,f(descricao),35.558170,18.310457
1862341,f(mean HyDE),-4.910753,33.533695
1862358,f(ementa),-19.480114,20.960615
1862358,f(descricao),24.500620,24.576601
1862358,f(mean HyDE),-15.256852,34.129246
1862401,f(ementa),-21.727789,24.202642
1862401,f(descricao),28.565327,26.839102
1862401,f(mean HyDE),-13.130717,25.962788
1862444,f(ementa),-22.740761,23.183815
1862444,f(descricao),28.711189,24.542364
1862444,f(mean HyDE),-15.704274,31.293417
1861321,f(ementa),-26.738796,7.235558
1861321,f(descricao),29.502420,23.696310
1861321,f(mean HyDE),-14.325232,33.776127
1861390,f(ementa),-24.731792,16.605282
1861390,f(descricao),23.721384,19.417292
1861390,f(mean HyDE),-4.460096,27.869171
1861391,f(ementa),-25.976620,18.879177
1861391,f(descricao),21.682121,19.723568
1861391,f(mean HyDE),-3.647362,31.054037
1861446,f(ementa),-17.555807,19.821907
1861446,f(descricao),25.955952,22.331602
1861446,f(mean HyDE),-9.491274,29.830130
1861489,f(ementa),-16.861252,15.492405
1861489,f(descricao),21.928480,21.814400
1861489,f(mean HyDE),-10.323647,35.598751
1861490,f(ementa),-23.609259,17.021448
1861490,f(descricao),27.816610,19.512573
1861490,f(mean HyDE),-12.533750,29.041456
1861517,f(ementa),-25.961582,25.384893
1861517,f(descricao),28.983982,27.397760
1861517,f(mean HyDE),-19.448168,30.335398
1861568,f(ementa),-24.323048,16.835918
1861568,f(descricao),24.854931,16.847166
1861568,f(mean HyDE),-4.919214,26.908800
1861596,f(ementa),-24.390936,21.643023
1861596,f(descricao),31.557261,20.257910
1861596,f(mean HyDE),-12.172485,25.639812
1861676,f(ementa),-26.178942,18.900982
1861676,f(descricao),21.360828,19.428984
1861676,f(mean HyDE),-7.839985,35.038269
1860279,f(ementa),-8.996201,19.448921
1860279,f(descricao),20.530212,14.878752
1860279,f(mean HyDE),-8.955507,19.566433
1860294,f(ementa),-22.697519,23.548313
1860294,f(descricao),33.453102,14.963741
1860294,f(mean HyDE),-5.720968,15.346399
1860300,f(ementa),-19.663452,14.340380
1860300,f(descricao),25.979761,20.765579
1860300,f(mean HyDE),-5.344710,29.574347
1860304,f(ementa),-13.559126,20.013910
1860304,f(descricao),22.399853,25.129730
1860304,f(mean HyDE),-13.308445,20.233213
1860319,f(ementa),-15.766611,21.911005
1860319,f(descricao),20.022165,20.036510
1860319,f(mean HyDE),-15.397921,22.347055
1860330,f(ementa),-17.504126,21.293997
1860330,f(descricao),24.349516,21.432976
1860330,f(mean HyDE),-10.674604,28.150206
1860345,f(ementa),-21.115877,16.929346
1860345,f(descricao),21.661793,16.232117
1860345,f(mean HyDE),-16.321133,24.533327
1860348,f(ementa),-17.182310,16.290651
1860348,f(descricao),22.735743,12.536232
1860348,f(mean HyDE),-8.616638,22.976572
1860352,f(ementa),-21.261692,23.893934
1860352,f(descricao),31.041901,19.556658
1860352,f(mean HyDE),-13.784786,26.261105
1860391,f(ementa),-20.922943,23.668125
1860391,f(descricao),27.022299,26.227383
1860391,f(mean HyDE),-14.668496,27.159624
1860412,f(ementa),-15.435267,16.789669
1860412,f(descricao),23.247835,15.663785
1860412,f(mean HyDE),-8.333482,24.495291
1860440,f(ementa),-19.229267,23.289942
1860440,f(descricao),30.956846,19.788860
1860440,f(mean HyDE),-13.382791,26.302219
1859299,f(ementa),-20.963890,21.869043
1859299,f(descricao),28.081917,25.683128
1859299,f(mean HyDE),-13.384685,31.144442
1859302,f(ementa),-26.270727,6.604943
1859302,f(descricao),30.936560,28.441109
1859302,f(mean HyDE),-16.842731,32.518276
1859378,f(ementa),-16.722977,14.294911
1859378,f(descricao),22.387075,21.806185
1859378,f(mean HyDE),-10.445439,35.861507
1859428,f(ementa),-19.988491,16.626520
1859428,f(descricao),22.443605,17.793247
1859428,f(mean HyDE),-5.649072,31.275181
1859467,f(ementa),-17.693153,15.513710
1859467,f(descricao),23.134241,19.955564
1859467,f(mean HyDE),-7.529229,34.351784
1859549,f(ementa),-14.890194,14.478959
1859549,f(descricao),26.093769,12.099778
1859549,f(mean HyDE),-14.999640,14.668436
1859559,f(ementa),-25.740059,7.363066
1859559,f(descricao),25.094788,20.757414
1859559,f(mean HyDE),-7.509068,32.670418
1859566,f(ementa),-18.387939,14.678529
1859566,f(descricao),28.448370,17.852642
1859566,f(mean HyDE),-6.153332,29.032154
1859687,f(ementa),-12.247325,16.524099
1859687,f(descricao),32.531864,17.988342
1859687,f(mean HyDE),-5.604462,21.783548
1859713,f(ementa),-23.748819,23.081043
1859713,f(descricao),27.216553,26.887653
1859713,f(mean HyDE),-18.199306,30.389086
1858331,f(ementa),-18.876547,15.977763
1858331,f(descricao),22.954887,22.866968
1858331,f(mean HyDE),-11.247071,33.638142
1858334,f(ementa),-21.939133,20.737345
1858334,f(descricao),31.356899,24.702650
1858334,f(mean HyDE),-15.757286,32.669811
1858340,f(ementa),-24.942053,16.952309
1858340,f(descricao),24.630186,23.460077
1858340,f(mean HyDE),-7.213211,27.115351
1858346,f(ementa),-17.893780,17.762844
1858346,f(descricao),26.739840,17.803738
1858346,f(mean HyDE),-8.688818,31.130497
1858353,f(ementa),-19.741621,11.706802
1858353,f(descricao),35.499092,18.348993
1858353,f(mean HyDE),-4.958637,33.813416
1858372,f(ementa),-20.952675,16.118540
1858372,f(descricao),22.032059,18.003971
1858372,f(mean HyDE),-6.572677,33.483276
1858374,f(ementa),-20.481503,13.628507
1858374,f(descricao),25.211472,20.168266
1858374,f(mean HyDE),-7.152654,30.059444
1858376,f(ementa),-21.446314,19.228996
1858376,f(descricao),22.949831,23.510191
1858376,f(mean HyDE),-11.859828,31.681959
1858396,f(ementa),-23.617044,20.091225
1858396,f(descricao),30.999193,23.652269
1858396,f(mean HyDE),-16.801821,34.581062
1858414,f(ementa),-27.237255,6.632675
1858414,f(descricao),29.023516,25.148199
1858414,f(mean HyDE),-13.539856,31.636358
1858417,f(ementa),-21.851046,13.144518
1858417,f(descricao),25.486942,18.997631
1858417,f(mean HyDE),-8.980273,31.415657
1858437,f(ementa),-20.590590,19.130703
1858437,f(descricao),26.860380,21.060236
1858437,f(mean HyDE),-5.488920,29.298090
1858448,f(ementa),-21.534325,26.966839
1858448,f(descricao),27.043924,26.236423
1858448,f(mean HyDE),-16.700798,32.245834
1858462,f(ementa),-21.183485,19.971689
1858462,f(descricao),27.751842,23.145485
1858462,f(mean HyDE),-13.744757,33.037125
1858521,f(ementa),-27.125114,6.675654
1858521,f(descricao),29.191582,25.766582
1858521,f(mean HyDE),-17.243906,33.677929
1858531,f(ementa),-12.675862,10.927067
1858531,f(descricao),30.361965,14.219948
1858531,f(mean HyDE),-12.528132,10.662836
1858560,f(ementa),-20.748056,13.034685
1858560,f(descricao),25.245569,17.224651
1858560,f(mean HyDE),-6.738689,28.877705
1858573,f(ementa),-16.701538,18.238924
1858573,f(descricao),26.531919,16.784304
1858573,f(mean HyDE),-8.348828,27.735365
1858607,f(ementa),-21.097284,17.004169
1858607,f(descricao),21.799183,16.675194
1858607,f(mean HyDE),-10.864648,31.359760
1858617,f(ementa),-19.855616,15.927696
1858617,f(descricao),27.515022,18.658119
1858617,f(mean HyDE),-6.732208,31.378675
1857981,f(ementa),-22.501589,19.249464
1857981,f(descricao),27.496962,23.055090
1857981,f(mean HyDE),-15.712060,33.638584
1857985,f(ementa),-22.005623,20.682678
1857985,f(descricao),27.218761,23.554319
1857985,f(mean HyDE),-15.013084,32.188820
1858170,f(ementa),-18.845522,28.058664
1858170,f(descricao),31.498707,26.753778
1858170,f(mean HyDE),-14.541005,32.327709
1857052,f(ementa),-20.804379,17.258905
1857052,f(descricao),22.050764,15.900822
1857052,f(mean HyDE),-4.399273,29.198410
1857053,f(ementa),-23.228546,16.937359
1857053,f(descricao),21.463423,16.459156
1857053,f(mean HyDE),-10.691951,31.047974
1857097,f(ementa),-18.165661,12.583798
1857097,f(descricao),22.722490,12.533919
1857097,f(mean HyDE),-4.658235,30.403526
1857107,f(ementa),-22.124016,22.468981
1857107,f(descricao),27.158772,24.577066
1857107,f(mean HyDE),-17.500141,32.922928
1857108,f(ementa),-10.856702,22.868513
1857108,f(descricao),21.230663,19.185518
1857108,f(mean HyDE),-7.749534,34.921280
1857144,f(ementa),-20.848179,12.265615
1857144,f(descricao),23.117603,17.935045
1857144,f(mean HyDE),-7.153274,32.596664
1857159,f(ementa),-23.473412,23.649712
1857159,f(descricao),30.282688,25.920362
1857159,f(mean HyDE),-14.863343,31.241209
1857394,f(ementa),-19.105947,18.561466
1857394,f(descricao),27.590748,20.208353
1857394,f(mean HyDE),-5.846377,29.023565
1857395,f(ementa),-17.944803,19.167498
1857395,f(descricao),28.218203,20.839214
1857395,f(mean HyDE),-8.621820,27.997486
1857413,f(ementa),-16.328758,12.685562
1857413,f(descricao),23.275167,21.574770
1857413,f(mean HyDE),-11.813705,34.680511
1857462,f(ementa),-17.098734,19.196329
1857462,f(descricao),25.724201,22.245329
1857462,f(mean HyDE),-9.243901,29.242973
1857468,f(ementa),-20.324844,15.079739
1857468,f(descricao),24.333569,18.957357
1857468,f(mean HyDE),-3.478065,30.987263
1856363,f(ementa),-20.651226,20.872871
1856363,f(descricao),27.324060,27.593615
1856363,f(mean HyDE),-15.325988,33.467369
1856365,f(ementa),-18.992893,13.617298
1856365,f(descricao),26.821482,19.150078
1856365,f(mean HyDE),-5.377663,30.065868
1856367,f(ementa),-18.959373,13.459759
1856367,f(descricao),23.492710,22.397066
1856367,f(mean HyDE),-5.389447,27.483070
1856372,f(ementa),-17.756340,17.640987
1856372,f(descricao),26.180706,19.847298
1856372,f(mean HyDE),-6.112476,29.601559
1856499,f(ementa),-27.130857,9.484903
1856499,f(descricao),30.900625,18.858492
1856499,f(mean HyDE),-12.968154,26.837872
1856500,f(ementa),-26.700274,8.781465
1856500,f(descricao),29.928534,18.787006
1856500,f(mean HyDE),-13.607061,25.626253
1856514,f(ementa),-24.043974,5.364448
1856514,f(descricao),20.491829,18.281836
1856514,f(mean HyDE),-7.240273,32.698750
1856523,f(ementa),-18.218660,16.712032
1856523,f(descricao),24.335793,19.200489
1856523,f(mean HyDE),-5.054595,30.054058
1854829,f(ementa),-20.458447,21.694704
1854829,f(descricao),28.409187,24.241098
1854829,f(mean HyDE),-16.481537,31.416254
1854934,f(ementa),-24.183058,15.232429
1854934,f(descricao),22.692829,22.412144
1854934,f(mean HyDE),-11.774317,34.655304
1854940,f(ementa),-14.745242,19.496244
1854940,f(descricao),22.136618,25.271069
1854940,f(mean HyDE),-13.165987,20.414392
1854972,f(ementa),-24.317522,23.958763
1854972,f(descricao),31.686531,24.552504
1854972,f(mean HyDE),-14.863580,35.405117
1854994,f(ementa),-22.418465,21.187159
1854994,f(descricao),30.794514,25.086077
1854994,f(mean HyDE),-19.630503,32.410416
1855018,f(ementa),-16.721342,13.471684
1855018,f(descricao),24.336790,21.822756
1855018,f(mean HyDE),-8.900325,33.167023
1855066,f(ementa),-19.647175,13.074372
1855066,f(descricao),23.622414,17.274027
1855066,f(mean HyDE),-5.553660,26.498053
1855095,f(ementa),-20.005686,16.282967
1855095,f(descricao),23.717829,18.851151
1855095,f(mean HyDE),-5.634505,31.669519
1855131,f(ementa),-15.066655,14.829135
1855131,f(descricao),24.494314,12.876441
1855131,f(mean HyDE),-11.012938,22.911133
1855182,f(ementa),-21.206230,20.795534
1855182,f(descricao),27.269562,26.227715
1855182,f(mean HyDE),-16.425337,30.807114
1855208,f(ementa),-21.749645,16.968346
1855208,f(descricao),20.814558,16.006584
1855208,f(mean HyDE),-11.138524,31.512360
1855228,f(ementa),-17.990095,16.121527
1855228,f(descricao),22.170256,19.824692
1855228,f(mean HyDE),-8.820871,33.203896
1855229,f(ementa),-16.614946,13.378842
1855229,f(descricao),20.780638,22.334743
1855229,f(mean HyDE),-12.395253,34.762009
1855439,f(ementa),-17.699669,17.859791
1855439,f(descricao),27.585308,19.459129
1855439,f(mean HyDE),-6.963342,29.400856
1853832,f(ementa),-21.170559,12.706913
1853832,f(descricao),26.280722,15.770346
1853832,f(mean HyDE),-8.163117,28.771601
1853858,f(ementa),-6.224199,13.555576
1853858,f(descricao),33.194954,14.332966
1853858,f(mean HyDE),-4.972475,13.171761
1853866,f(ementa),-16.980824,13.509699
1853866,f(descricao),24.341583,22.569933
1853866,f(mean HyDE),-10.593347,34.800381
1853878,f(ementa),-25.429638,11.823748
1853878,f(descricao),31.963701,25.638880
1853878,f(mean HyDE),-17.077183,29.673332
1853885,f(ementa),-24.484718,11.602287
1853885,f(descricao),27.882183,25.481178
1853885,f(mean HyDE),-18.616167,29.849709
1853899,f(ementa),-20.293497,20.972219
1853899,f(descricao),27.883093,27.120209
1853899,f(mean HyDE),-18.458334,30.343876
1853900,f(ementa),-17.195320,17.105263
1853900,f(descricao),25.919479,18.101753
1853900,f(mean HyDE),-7.255470,28.208689
1853907,f(ementa),-21.562021,14.369241
1853907,f(descricao),25.813217,25.173334
1853907,f(mean HyDE),-14.379634,33.527031
1853925,f(ementa),-24.500559,11.751121
1853925,f(descricao),24.349373,25.953482
1853925,f(mean HyDE),-12.837312,32.497746
1853957,f(ementa),-9.010292,10.270782
1853957,f(descricao),30.585188,11.337261
1853957,f(mean HyDE),-8.842565,7.851274
1854018,f(ementa),-22.928391,23.962696
1854018,f(descricao),29.829016,26.584091
1854018,f(mean HyDE),-15.109839,32.361824
1854042,f(ementa),-9.355760,10.755807
1854042,f(descricao),30.708578,9.841482
1854042,f(mean HyDE),-9.562759,7.902683
1854078,f(ementa),-24.374447,24.062449
1854078,f(descricao),29.695278,24.563408
1854078,f(mean HyDE),-14.837568,30.490776
1854108,f(ementa),-12.359168,8.312025
1854108,f(descricao),35.437412,6.231545
1854108,f(mean HyDE),-11.705615,8.279785
1854162,f(ementa),-22.289410,16.948753
1854162,f(descricao),19.891054,16.449930
1854162,f(mean HyDE),-2.984764,28.703506
1854212,f(ementa),-20.344866,18.899118
1854212,f(descricao),26.809896,24.421694
1854212,f(mean HyDE),-4.272104,27.237938
1854237,f(ementa),-12.793740,8.231412
1854237,f(descricao),29.582020,17.306501
1854237,f(mean HyDE),-13.272993,7.770345
1854329,f(ementa),-18.026403,16.474360
1854329,f(descricao),19.291779,17.367611
1854329,f(mean HyDE),-8.150844,30.646221
1853192,f(ementa),-23.298805,21.730925
1853192,f(descricao),28.798048,24.960890
1853192,f(mean HyDE),-17.052610,30.565331
1853195,f(ementa),-23.747587,25.448187
1853195,f(descricao),29.341057,25.162386
1853195,f(mean HyDE),-15.584233,35.669727
1853230,f(ementa),-7.448732,10.201653
1853230,f(descricao),32.433304,9.402789
1853230,f(mean HyDE),-1.706721,5.759480
1853242,f(ementa),-23.101858,23.620468
1853242,f(descricao),28.243532,24.310106
1853242,f(mean HyDE),-17.291637,32.126522
1853246,f(ementa),-24.183187,12.122414
1853246,f(descricao),25.899611,23.943819
1853246,f(mean HyDE),-17.677057,31.814116
1853261,f(ementa),-21.187361,20.355066
1853261,f(descricao),26.573162,27.051546
1853261,f(mean HyDE),-17.345747,33.451588
1853268,f(ementa),-21.517469,14.383404
1853268,f(descricao),26.385679,24.330048
1853268,f(mean HyDE),-18.313959,34.399689
1853278,f(ementa),-7.022275,13.227052
1853278,f(descricao),32.246288,13.426696
1853278,f(mean HyDE),-5.415730,12.295367
1853297,f(ementa),-19.504179,18.185360
1853297,f(descricao),28.480537,23.486845
1853297,f(mean HyDE),-18.488968,32.079544
1853298,f(ementa),-18.075733,18.943865
1853298,f(descricao),28.067400,20.381804
1853298,f(mean HyDE),-6.068845,28.603146
1853307,f(ementa),-26.036388,25.371403
1853307,f(descricao),29.803341,24.105202
1853307,f(mean HyDE),-14.951558,29.771429
1853332,f(ementa),-7.054042,13.199744
1853332,f(descricao),32.383171,13.472236
1853332,f(mean HyDE),-5.395597,11.970037
1853365,f(ementa),-24.139898,15.060816
1853365,f(descricao),25.468849,19.276384
1853365,f(mean HyDE),-9.470804,26.358032
1853374,f(ementa),-7.925817,10.986031
1853374,f(descricao),30.787430,12.382617
1853374,f(mean HyDE),-1.953378,5.469643
1853376,f(ementa),-15.467198,19.446878
1853376,f(descricao),28.287226,19.622185
1853376,f(mean HyDE),-6.789244,26.118628
1853394,f(ementa),-9.629235,9.886554
1853394,f(descricao),30.462780,10.656659
1853394,f(mean HyDE),-8.834125,7.815598
1853401,f(ementa),-22.087330,16.943861
1853401,f(descricao),20.925022,16.311617
1853401,f(mean HyDE),-2.730979,28.229483
1853407,f(ementa),-25.189196,7.671134
1853407,f(descricao),26.325066,20.449402
1853407,f(mean HyDE),-5.512290,25.070623
1853427,f(ementa),-21.207096,24.949799
1853427,f(descricao),31.003559,20.211401
1853427,f(mean HyDE),-14.224427,27.269712
1853453,f(ementa),-7.424777,-3.662669
1853453,f(descricao),35.620121,8.956623
1853453,f(mean HyDE),-7.483966,-3.574828
1853470,f(ementa),-27.173716,9.429334
1853470,f(descricao),30.912241,18.961294
1853470,f(mean HyDE),-12.480833,25.824314
1853530,f(ementa),-11.952768,9.376713
1853530,f(descricao),30.833582,16.397053
1853530,f(mean HyDE),-11.972817,9.315795
1853591,f(ementa),-12.612797,8.669091
1853591,f(descricao),34.266033,22.217587
1853591,f(mean HyDE),-11.937358,7.435766
1853624,f(ementa),-24.263857,15.165054
1853624,f(descricao),21.115601,20.129673
1853624,f(mean HyDE),-3.016336,27.601229
1853626,f(ementa),-13.588670,9.196163
1853626,f(descricao),29.789749,15.051306
1853626,f(mean HyDE),-11.523888,8.490625
1853639,f(ementa),-12.225476,16.511543
1853639,f(descricao),28.224554,10.639959
1853639,f(mean HyDE),-5.619847,21.782185
1853654,f(ementa),-27.235380,9.194926
1853654,f(descricao),30.436676,19.091824
1853654,f(mean HyDE),-13.095867,26.502167
1853669,f(ementa),-12.799957,8.810879
1853669,f(descricao),34.279789,22.170265
1853669,f(mean HyDE),-11.880418,7.443597
1853680,f(ementa),-17.510811,18.215040
1853680,f(descricao),27.456804,19.163719
1853680,f(mean HyDE),-6.076520,29.002775
1853692,f(ementa),-24.910416,16.259508
1853692,f(descricao),21.933290,21.821228
1853692,f(mean HyDE),-10.400239,35.445377
1853726,f(ementa),-12.128189,16.513260
1853726,f(descricao),32.388535,21.198942
1853726,f(mean HyDE),-5.597857,21.931108
1853783,f(ementa),-6.425096,20.473793
1853783,f(descricao),32.267933,21.571325
1853783,f(mean HyDE),-6.377164,20.575848
1849751,f(ementa),-1.779997,-9.726387
1849751,f(descricao),28.507124,-4.610684
1849751,f(mean HyDE),-1.869982,-9.781064
1849851,f(ementa),-24.034140,1.333704
1849851,f(descricao),23.354414,6.542652
1849851,f(mean HyDE),-16.282707,-11.563953
1849229,f(ementa),-20.874830,0.609413
1849229,f(descricao),27.888605,6.804228
1849229,f(mean HyDE),-10.215981,-1.915925
1849409,f(ementa),-18.265564,14.619382
1849409,f(descricao),28.009186,17.871109
1849409,f(mean HyDE),-8.541912,27.632896
1849560,f(ementa),-27.281542,10.002822
1849560,f(descricao),30.813721,20.178232
1849560,f(mean HyDE),-14.091853,27.199129
1849633,f(ementa),-17.989828,17.278944
1849633,f(descricao),26.166388,19.547455
1849633,f(mean HyDE),-8.279504,30.982220
1849651,f(ementa),-21.711405,22.752134
1849651,f(descricao),28.397411,21.326941
1849651,f(mean HyDE),-16.505663,30.468830
1849660,f(ementa),-19.717861,16.507345
1849660,f(descricao),22.878435,18.727385
1849660,f(mean HyDE),-4.623233,32.294918
1848702,f(ementa),-9.519919,12.354995
1848702,f(descricao),30.072903,9.352624
1848702,f(mean HyDE),-3.587732,5.733807
1848712,f(ementa),-25.142555,7.844902
1848712,f(descricao),24.929457,19.054455
1848712,f(mean HyDE),-7.023934,32.229408
1848745,f(ementa),-19.849680,21.189972
1848745,f(descricao),29.536816,25.327000
1848745,f(mean HyDE),-15.938861,35.620033
1848764,f(ementa),-25.877932,5.913515
1848764,f(descricao),29.551888,28.187460
1848764,f(mean HyDE),-17.227562,32.773964